Column1;Column2;Column3;Column4;Column5;Column6;Column7;Column8;Column9;Column10;Column11;Column12;Column13;Column14;Column15;Column16;Column17;Column18;Column19;Column20;Column21;Column22;Column23
11;Són pel·lícules amb Harrison Ford?;Cinema;A la recerca de l'arca perduda;Veritat;Firewall;Veritat;K-19: The Widomaker;Veritat;The Firm;Fals;Kingsman: Servei secret;Fals;Els indestructibles;Fals;El fugitiu;Veritat;Frenètic;Veritat;Blade Runner;Veritat;Joc d'espies;Fals
12;A quin continent es troba cada riu?;Geografia;Tigris;Àsia;Murray;Oceania;Níger;Àfrica;Amazones;Amèrica;Mississipi;Amèrica;Yukon;Amèrica;Iang-Tsé;Àsia;Nil;Àfrica;Volga;Europa;Amur;Àsia
13;Qui és, a l'Antiga Grècia...?;Història i Mitologia;Zeus;Pare de tots els déus;Posidó;Déu dels mars;Dionís;Déu del vi;Hera;Deessa del matrimoni;Demèter;Deessa de l'agricultura;Ares;Déu de la guerra;Helios;Tità del sol;Gaia;Deessa de la terra;Hermes;Missatger dels déus;Artemisa;Deessa de la caça
14;Ordena aquests esdeveniments de la Segona Guerra Mundial (1r el més antic);Història (Ordenació);Pacte Ribbentrop-Molotov;1;Alemanya envaeix Polònia;2;Operació Barba-roja;3;Japó ataca Pearl Harbor;4;Alemanya perd a Stalingrad;5;El desembarcament de Normandia;6;L'suïcidi de Hitler;7;Bombardeig atòmic de Hiroshima;8;Bombardeig atòmic de Nagasaki;9;Tractat de París;10
15;Ha guanyat un Premi Nobel de la Pau?;Personalitats / Premis;Barack Obama;Veritat;Shimon Peres;Veritat;Joan Pau II;Fals;Desmond Tutu;Veritat;ONJ;Fals;Mahatma Gandhi;Fals;Tenzin Gyatso (Dalai Lama);Veritat;Bono;Fals;Linus Pauling;Veritat;Greenpeace;Fals
16;Nombre de...;Cultura General / Matemàtiques;Muntanyes per sobre dels vuit mil metres;14;Principals escames de la diana de dards;5;Cartes en un pal de baralla espanyola;48;Forats en un camp de golf;18;Cordes de la mandolina;8;Intervencions en un tauler de Go;361;Pecats capitals;7;Tecles d'un piano;88;Novel·les de Les Cròniques de Nàrnia;7;La puntuació de la diana;50
17;Tenen aquestes ciutats més de 10 milions d'habitants (2020)?;Geografia / Demografia;São Paulo, Brasil;Veritat;Ciutat de Mèxic;Veritat;Santiago de Xile;Fals;Guadalajara, Mèxic;Fals;Rio de Janeiro, Brasil;Fals;Brasília, Brasil;Fals;Buenos Aires, Argentina;Veritat;Medellín, Colòmbia;Fals;Lima, Perú;Veritat;Bogotà, Colòmbia;Veritat
19;Qui va inventar...?;Ciència i Tecnologia / Invents;Alexander Graham Bell;Telèfon;George de Mestral;Velcro;Hedy Lamarr;WiFi;Stephanie Kwolek;Kevlar;Nikola Tesla;Corrent alterna;Isaac Singer;Màquina de cosir;Alessandro Volta;Pila elèctrica;Carl Benz;Cotxe amb motor de gasolina;Alfred Nobel;Dinamita;Tim Berners-Lee;World Wide Web
20;Va ser un explorador?;Història / Exploradors;Roald Amundsen;Veritat;Fernão de Magalhães;Veritat;Adam Smith;Fals;Adolf Erik Nordenskiöld;Veritat;James Madison;Fals;Bartolomeu Dias;Veritat;Vasco da Gama;Veritat;David Livingstone;Veritat;Marc Polo;Veritat;Louis Pasteur;Fals
21;És un membre dels Monty Python?;Cinema / Comèdia;Graham Chapman;Veritat;Terry Jones;Veritat;Simon Pegg;Fals;Hugh Laurie;Fals;Eric Idle;Veritat;Michael Palin;Veritat;Rowan Atkinson;Fals;Peter Sellers;Fals;John Cleese;Veritat;Terry Gilliam;Veritat
22;Quin dia de l'any és...?;Cultura General / Festivitats;Nadal;25 de desembre;Dia del llibre;23 d'abril;Dia de l'orgull *freak*;25 de maig;Dia Intern. de la Dona;8 de març;Reis Mags;6 de gener;Sant Valentí;14 de febrer;Inti Raymi;24 de juny;Sants Innocents;28 de desembre;Dia de l'orgull LGTBIQ+;28 de juny;Dia dels Morts;2 de novembre
23;Quina és la professió del personatge principal (en aquesta pel·lícula)?;Cinema;El discurs del Rei, Geoffrey Rush;Logopeda;Philadelphia, Denzel Washington;Advocat;American Beauty, Annette Benning;Agent immobiliària;Apolo 13, Tom Hanks;Astronauta;A la recerca de l'arca perduda, Harrison Ford;Arqueòleg;Misery, Kathy Bates;Infermera;El silenci dels anyells, Jodie Foster;Agent FBI;La finestra indiscreta, James Stewart;Fotògraf;Into the Woods, Meryl Streep;Bruixa;El Show d'en Truman, Jim Carrey;Agent d'assegurances
24;A qui pertany cada obra d'art?;Art;Guernica;Pablo Picasso;Nenúfars;Claude Monet;La ronda de nit;Rembrandt;El naixement de Venus;Sandro Botticelli;La persistència de la memòria;Salvador Dalí;El crit;Edvard Munch;El petó;Gustav Klimt;La nit estelada;Vincent Van Gogh;Les Menines;Diego Velázquez;Mona Lisa;Leonardo da Vinci
25;Quin és el país d'origen de la banda?;Música;Thin Lizzy;Irlanda;Paramore;Estats Units;Rammstein;Alemanya;Muse;Gran Bretanya;Nightwish;Finlàndia;Nickelback;Canadà;The Cardigans;Suècia;AC/DC;Austràlia;Daft Punk;França;Aqua;Dinamarca
26;A quin oceà es troba cadascuna d'aquestes illes?;Geografia;Seychelles;Índic;Oahu;Pacífic;Bali;Índic;Long Island;Atlàntic;Illes Maldives;Índic;Tahití;Pacífic;Cozumel;Atlàntic;Illa de l'Ascensió;Atlàntic;Bora Bora;Pacífic;Illa Adelaida;Antàrtic
27;Què significa l'acrònim?;Tecnologia / Llengua;FAQ;Frequently Asked Questions;LOL;Laughing Out Loud;a.C.;Abans de Crist;CD;Compact Disc;P.S.;Post scriptum;IRC;Internet Relay Chat;OMG;Oh My God;USB;Universal Serial Bus;BBQ;Barbacoa;HDMI;High Definition Multimedia Interface
28;Quin és el color principal d'aquesta flor?;Natura;Violeta;Violeta;Rosella;Vermell;Rosa;Rosa;Arbre de l'amor;Rosa;Mimosa;Groc;Girasol;Groc;Muscaris;Blau;Camèlia;Vermell/Rosa;Retama;Groc;Gessamí;Blanc
29;Ordena aquests països per empresonaments el 2016 (1r el que més);Geografia / Societat (Ordenació);Estats Units;1;Brasil;2;Tailàndia;3;El Salvador;4;Turquia;5;Xina;6;Bahames;7;Rússia;8;Cuba;9;Turkmenistan;10
30;Ordena aquests països segons la seva superfície (1r el més gran);Geografia (Ordenació);Rússia;1;Austràlia;2;Canadà;3;Estats Units;4;Xina;5;Brasil;6;Índia;7;Argentina;8;Sudan;9;Kazakhstan;10
31;És una Meravella del Món Antic?;Història / Art;Temple d'Àrtemis;Veritat;Mausoleu d'Halicarnàs;Veritat;Colós de Rodes;Veritat;Machu Picchu;Fals;Palau de Potala;Fals;Colosseu;Fals;Estàtua de Zeus;Veritat;Gran Piràmide de Guiza;Veritat;Far d'Alexandria;Veritat;Taj Mahal;Fals
32;Qui va crear a...?;Cultura / Literatura / Cinema;Walt Disney;Mickey Mouse;Akira Toriyama;Son Goku;Jim Henson;La granota Gustau;Matt Groening;Bart Simpson;Charles Schulz;Snoopy;Astrid Lindgren;Pippi Calcesllargues;A. A. Milne;Winnie the Pooh;Hergé;Tintín;Edgar Rice Burroughs;Tarzan;Víctor Mora;Capità Tro
34;És una batalla de la Segona Guerra Mundial?;Història;El Alamein;Veritat;Waterloo;Fals;Stalingrad;Veritat;Kursk;Veritat;Les Ardenes;Veritat;Iwo Jima;Veritat;Alèsia;Fals;Pearl Harbor;Veritat;Verdun;Fals;Poitiers;Fals
35;És un dinosaure?;Ciència i Natura;Pteranodon;Fals;Hekasanosaurus;Veritat;Tiranosaure Rex;Veritat;Giganotosaure;Veritat;Espinosaure;Fals;Medinosaure;Fals;Criolofosaure;Veritat;Triceratops;Veritat;Centrosaure;Veritat;Sàtir;Fals
36;En quina dècada van succeir aquests esdeveniments?;Història / Cronologia (Ordenació);Huracà Katrina;2000;Inici del Glasnost;1980;Escàndol Watergate;1970;Massacre de Tiananmen;1980;Primer trasplantament de cor;1960;Obertura de l'Eurotúnel;1990;Olimpíades de Barcelona;1990;Papat de Francesc;2010;Creació de Facebook;2000;Protestes a Praga;1960
37;Ordena aquestes pel·lícules de l'MCU segons la seva data d'estrena (1a la més antiga);Cinema (Ordenació);Iron Man;1;Capità Amèrica;3;Guardians de la Galàxia;4;Ant-Man;5;Capità Amèrica: Civil War;6;Doctor Strange;7;Thor;2;Spiderman: Homecoming;8;Black Panther;9;Venjadors: Endgame;10
38;De quines obres són protagonistes aquests personatges?;Cultura / Manga;Berserk;Guts o Gatsu;One Piece;Monkey D. Luffy;Bola de Drac;Son Goku;Dr. Slump;Arale Norimaki;Mazinger Z;Koji Kabuto;Slam Dunk;Hanamichi Sakuragi;My Hero Academia;Izuku Midoriya;Doraemon;Nobita Nobi;Detective Conan;Shinichi Kudo;Akira;Akira
39;Ordena aquestes mesures de longitud (1a la més llarga);Ciència / Mesures (Ordenació);Milla nàutica;1;Milla;2;Quilòmetre;3;Metre;4;Iarda;5;Colze;6;Peu;7;Mil·límetre;8;Centímetre;9;Polzada;10
40;De quin país són originaris aquests aliments?;Gastronomia / Geografia;Tomàquet;Perú/Chile;Plàtan;Papúa Nova Guinea;Cafè;Etiòpia;Kiwi;Xina;Mango;Índia/Xina;Arròs;Índia/Xina;Mandarina;Xina;Litxi;Xina;Fruita de la passió;Brasil;Blat de moro;Mèxic
41;A quin país pertany aquesta agència d'informació?;Cultura General / Mitjans de comunicació;Reuters;Regne Unit;AFP;França;AP;Estats Units;Interfax;Rússia;Xinhua;Xina;ANSA;Itàlia;EFE;Espanya;AA (Agència Anadolu);Turquia;NINA;Iraq;Kyoto News;Japó
42;És un dels 10 llacs més grans del món?;Geografia;Llac Victòria;Veritat;Llac Titicaca;Fals;Mar Negre;Fals;Llac Malawi;Veritat;Mar d'Aral;Fals;Llac Ness;Fals;Gran Llac de l'Ós;Veritat;Mar Caspi;Veritat;Llac Baikal;Veritat;Llac Michigan;Veritat
43;A quina lletra correspon cada codi morse?;Cultura General;._;A;..;I;....;H;**;M;** *;O;* . *.;C;...;S;.* . *;X;*;T;.;E
44;Ordena aquests museus d'art segons el seu nombre de visitants (2019) (1r el que més);Art / Cultura (Ordenació);Louvre, París;1;Museu Nacional de la Xina, Beijing/Shanghai;2;Museu Metropolità d'Art, Nova York;3;Museus Vaticans, Ciutat del Vaticà/Roma;4;Museu Nacional de Seül, Seül;5;Museu Reina Sofia, Madrid;6;Museu Britànic, Londres;7;Museu Nacional d'Història Natural, Londres;8;Museu del Prado, Madrid;9;Museu d'Orsay, París;10
45;Quin color falta en el títol de la pel·lícula?;Cinema;El cigne...;Negre;Vellut...;Blau;Tomàquets fregits;Verd;La caça de l'Octubre...;Vermell;La … mecànica;Taronja;Què… era la meva vall!;Verd;La prima línia...;Vermella;La pantera...;Rosa;El llac...;Blau;Llanterna...;Verda
46;Quin instrument toca o tocava principalment...?;Música;John Coltrane;Saxòfon;Phil Collins;Bateria;Charles Mingus;Contrabaix;Louis Armstrong;Trompeta;George Harrison;Guitarra;Alicia Keys;Piano;Jerry Lee Lewis;Piano;Miles Davis;Trompeta;Benny Goodman;Clarinet;Eddie van Halen;Guitarra
47;Quina pel·lícula va fer famosa aquesta cançó?;Cinema / Música;The Power of Love;Retorn al futur;Born to Be Wild;Easy Rider;Mrs. Robinson;El graduat;Say You, Say Me;Nits Blanques;Lose Yourself;8 Milles;Stayin' Alive;Febre del dissabte nit;I Will Always Love You;El guardaespatlles;Moon River;Esmorzar amb diamants;Gangsta's Paradise;Ments perilloses;Unchained Melody;Ghost
48;És una novel·la de Stephen King?;Literatura;L'ombra d'Innsmouth;Fals;L'exorcista;Fals;Apartament 16;Fals;La Torre Fosca;Veritat;Deixa'm entrar;Veritat;La Milla Verda;Veritat;It;Veritat;La casa infernal;Fals;L'ombra del diable;Fals;El gat negre;Fals
49;Dècada del seu llançament;Música / Cronologia;Black or White / Michael Jackson;1990;One / U2;1990;Back to Black / Amy Winehouse;2000;Sex and I Know It / LMFAO;2010;Stayin' Alive / Bee Gees;1970;Hey Jude / The Beatles;1960;Toxic / Britney Spears;2000;Happy / Pharrell Williams;2010;Call Me / Blondie;1980;Jailhouse Rock / Elvis;1950
50;A quina mitologia correspon cada divinitat?;Mitologia;Quetzalcóatl;Asteca;Hela;Nòrdica;Osiris;Egípcia;Xiva;Hindú;Pachamama;Inca;Izanagi;Japonesa;Amaterasu;Japonesa;Thor;Nòrdica;Júpiter;Romana;Sekhmet;Egípcia
51;A quin país es troben aquests parcs temàtics?;Geografia / Turisme;Europa Park;Alemanya;Legoland;Dinamarca;Santa Claus Village;Finlàndia;Eurodisney;França;Port Aventura;Espanya;Six Flags;Mèxic;Nintendo World;Japó;The Prater;Àustria;Wizarding World;Estats Units;Knott's Berry Farm;Estats Units
52;Ordena les mans de pòquer (1a la més alta);Jocs (Ordenació);Escala de color;1;Pòquer;2;Full house;3;Color;4;Escala;5;Trio;6;Doble parella;7;Parella;8;Carta alta;9;Farol (Engany);10
53;Pots pagar (oficialment) amb dòlars americans en aquest país?;Geografia / Economia;Timor Oriental;Veritat;Illes Verges Britàniques;Veritat;Equador;Veritat;Palau;Veritat;El Salvador;Veritat;Guam;Veritat;Micronèsia;Veritat;Xile;Fals;Cuba;Fals;Singapur;Fals
54;Ordena aquests descobriments segons quan es van descobrir (1r el més antic);Ciència (Ordenació);Lleis de Newton;1;Lleis de Kepler;2;Lleis de la termodinàmica;3;Doble escletxa de Young;4;Model estàndard;5;Ones gravitacionals;6;Equació de Schrödinger;7;Lleis de Maxwell;8;Principi d'incertesa de Heisenberg;9;Relativitat general;10
55;Quina marca de cotxe correspon al model?;Transport;Phantom;Rolls-Royce;Veyron;Bugatti;Mustang;Ford;Testarossa;Ferrari;Corvette;Chevrolet;Vantage;Aston Martin;Huracán;Lamborghini;Carrera;Porsche;Viper;Dodge;Beetle;Volkswagen
56;Qui és el compositor de...?;Música;Rhapsody in Blue;Gershwin;Aida;Verdi;Carmen;Bizet;El llac dels cignes;Tchaikovsky;Oda a l'Alegria;Beethoven;Peer Gynt;Grieg;Les quatre estacions;Vivaldi;El Danubi blau;Strauss;La flauta màgica;Mozart;L'holandès errant;Wagner
57;Actualment, quina au...?;Ciència / Natura;Nada més ràpid;Pingüí de vinxa;És la rapinyaire més gran;Còndor andí;Vola a més velocitat;Falcó peregrí;És la més petita;Colibrí zunzuncito;Viu més temps;Albatros;és la salvatge més comuna;Quelea comú;És la més gran;Estruç;Migra més lluny;Xarrà àrtic;És la més sorollosa;Campaner tricirculat;És la voladora més pesada;Avutarda kori
58;Quin número falta en el nom d'aquesta banda?;Música;Inch Nails;Nine;U;2;Seconds to Mars;30;Doors Down;3;Blink;182;The Jackson;5;UB;40;Maroon;5;Republic;One;Los sudamericanos;3
59;Què es calcula amb cada fórmula?;Ciència / Física;[pi] r^2;Àrea d'un cercle;E = mc^2;Energia;V/I;Resistència;(4[pi]r^3)/3;Volum d'una esfera;v·t;Distància;m·a;Força;m·v;Moment;(V -Vo)/2;Velocitat mitjana;F/A;Pressió;2[pi]r;Circumferència
60;Anomena l'altra meitat d'aquests famosos duos.;Cultura General;Holmes;Watson;Mulder;Scully;Luigi;Mario;Romeu;Julieta;Filemón;Mortadel·lo;Thelma;Louise;El Gordo;El Flaco;Wallace;Gromit;Clyde;Bonnie;Starsky;Hutch
61;Qui és el dibuixant d'aquests personatges de còmic?;Art / Còmic;Mortadel·lo i Filemón;F. Ibáñez;Batman;Bob Kane;Calvin and Hobbes;Bill Watterson;Astèrix;Uderzo;Garfield;Jim Davis;Spider-Man;Stan Lee;Mafalda;Quino;Astroboy;Osamu Tezuka;Lucky Luke;Morris;Superlópez;Jan
62;Quina companyia comercialitza aquests aliments?;Economia / Consum;Oreo;Mondelez Internacional;M&M;Mars;Kit Kat;Nestlé;Lay's;Pepsico;Pringles;Kellogg's;Ossets de gominola;Haribo;Caixa Vermella;Nestlé;Mon Cheri;Ferrero;Bimbo;Lacasa;Conguitos;Lacasa
63;Quin tipus de beguda alcohòlica correspon a cadascuna d'aquestes marques?;Gastronomia;Ron;Ron;Whisky;Whisky;Ginebra;Ginebra;Vodka;Vodka;Tequila;Tequila;Brandy;Brandy;Cachaça;Cachaça;Anís;Anís;Soju;Soju;Patxaran;Patxaran
64;A quin esport correspon aquest esdeveniment?;Esports;Salt d'esquí;Esquí;Torneig de les Sis Nacions;Rugby;GP de Mònaco;Fórmula 1;Tour de França;Ciclisme;Super Bowl;Futbol americà;Obert Britànic;Golf;Wimbledon;Tennis;24 hores de Le Mans;Automobilisme;Finals de la Copa Stanley;Hoquei sobre gel;Cursa de muntanya;Ciclisme
65;Per quin esport és famós/a...?;Esports / Personalitats;Lorena Ochoa;Golf;Daley Thompson;Ciclisme;Martina Navratilova;Tennis;Blanca Fernández Ochoa;Esquí;Tom Brady;Futbol americà;Ferenc Puskás;Futbol;Pedro Manel Estiarte;Waterpolo;Ielena Issinbàieva;Salt amb perxa;Eddie Merckx;Decatló;N/A;N/A
66;Ordena els autors més traduïts (1r el més traduït);Literatura (Ordenació);Agatha Christie;1;Jules Verne;2;H. C. Andersen;3;William Shakespeare;4;Barbara Cartland;5;Stephen King;6;V. I. Lenin;7;Enid Blyton;8;Danielle Steel;9;Jacob Grimm;10
67;A quin país pertany...?;Geografia;Illes Balears;Espanya;Illes Canàries;Espanya;Svalbard;Noruega;Groenlàndia;Dinamarca;Hawaii;Estats Units;Illa de Pasqua;Xile;Açores;Portugal;Bermudes;Regne Unit;Santa Elena;Regne Unit;Illes Cocos;Austràlia
68;De quina pel·lícula és cada frase?;Cinema;De vegades veig morts;El sisè sentit;Li faré una oferta que no podrà rebutjar;El Padrí;Sempre ens quedarà París;Casablanca;Fes-ho o no ho facis, però no ho intentis;L'Imperi contraataca;... m'estàs parlant a mi?;Taxi Driver;Ningú no és perfecte;Ningú no és perfecte;Fins a l'infinit i més enllà;Toy Story;Moments... que es perdran en el temps com llàgrimes en la pluja;Blade Runner;Necessitarem un vaixell més gran;Tauró;Pensem massa i sentim poc;El Gran Dictador
69;Ordena aquestes consoles Nintendo segons el seu any de sortida (1a la més antiga);Tecnologia / Jocs (Ordenació);NES;1;Game Boy;2;SNES;3;Nintendo 64;4;GameCube;5;Nintendo DS;6;Wii;7;Nintendo 3DS;8;Wii U;9;Nintendo Switch;10
70;És un dels 10 rius més llargs del món?;Geografia;Nil;Veritat;Volga;Fals;Amazones;Veritat;Rin;Fals;Congo;Veritat;Danubi;Fals;Iang-Tsé;Veritat;Obi;Veritat;Riu Groc;Veritat;Zambezi;Fals
71;De quina banda se'l coneix com a membre?;Música;Annie Lennox;Eurythmics;Martin Gore;Depeche Mode;Robbie Williams;Take That;Beyoncé;Destiny's Child;Jimmy Page;Led Zeppelin;Mick Jagger;The Rolling Stones;Harry Styles;One Direction;Geri Halliwell;Spice Girls;Justin Timberlake;N Sync;Gwen Stefani;No Doubt
72;Ordena els cossos celestes del sistema solar segons la seva posició (1r al centre);Ciència / Astronomia (Ordenació);Sol;1;Mercuri;2;Venus;3;Terra;4;Mart;5;Júpiter;6;Saturn;7;Urà;8;Neptú;9;Plutó;10
73;És un animal verinós?;Ciència / Natura;Granota fletxa daurada;Veritat;Peix globus;Veritat;Aranya armadilha;Veritat;Serp de fuet de muntanya;Veritat;Vespa de mar;Veritat;Pop d'anells blaus;Veritat;Mamba negra;Veritat;Libèl·lula emperador;Fals;Ratpenat vampir;Fals;Aranya de potes llargues;Fals
74;És una lletra grega?;Cultura General / Llengua;Psi;Veritat;Ulter;Fals;Eta;Veritat;Orpha;Fals;Theta;Veritat;Ipsilon;Veritat;Beta;Veritat;Zeta;Veritat;Xi;Veritat;Delta;Veritat
75;Quants Campionats del Món de Futbol han guanyat aquestes seleccions (2020)?;Esports / Futbol;Brasil;5;Itàlia;4;Alemanya;4;Argentina;2;Uruguai;2;França;2;Anglaterra;1;Espanya;1;Portugal;0;Holanda;0
76;Es troben aquests països a Amèrica del Sud?;Geografia;Argentina;Veritat;Brasil;Veritat;Perú;Veritat;Equador;Veritat;Guyana;Veritat;Surinam;Veritat;Xile;Veritat;Paraguai;Veritat;Veneçuela;Veritat;Mèxic;Fals
77;Nombre de...;Cultura General / Ciència;Setmanes d'un any;52;Llunes de Mart;2;Ossets de l'oïda;3;Províncies espanyoles;52;Anells olímpics;5;Pisos a l'Empire State Building;102;Costats d'un icosaedre;20;Vèrtebres cervicals;7;Lletres a l'abecedari llatí;26;Caps del ca Cèrber;3
78;Nombre de jugadors (per equip) al camp de joc de...?;Esports;Rugby;15;Beisbol;9;Voleibol;6;Waterpolo;7;Futbol;11;Handbol;7;Bàsquet;5;Hoquei sobre gel;6;Polo;4;Criquet;11
79;Quin és el color predominant a la bandera de...?;Geografia / Banderes;Mauritània;Verd;Nigèria;Verd;Japó;Blanc;Vietnam;Vermell;Austràlia;Blau;Albània;Vermell;Brasil;Verd;Escòcia;Blau;Europa;Blau;Suïssa;Vermell
80;Amb quin país es relaciona aquesta persona?;Personalitats / Història;Ho Chi Minh;Vietnam;Ferdinand Marcos;Filipines;Shimon Peres;Israel;Pol Pot;Cambodja;Salvador Allende;Xile;Eva Perón;Argentina;Benazir Bhutto;Pakistan;Indira Gandhi;Índia;José Napoleón Duarte;El Salvador;Fidel Castro;Cuba
81;En quin segle va ocórrer aquest esdeveniment?;Història / Cronologia;Batalla de Waterloo;XIX;Descobriment d'Amèrica;XV;Primera immunització;XVIII;Primer coet de pólvora;XI;Teoria de l'evolució;XIX;Primers Jocs Olímpics;XIX;La Guerra Freda;XX;Carta Magna;XIII;Primer pagament en euros;XXI;Primera Guerra Mundial;XX
82;Qui va escriure aquesta novel·la?;Literatura;El codi Da Vinci;Dan Brown;1984;George Orwell;Crim i Càstig;Fiódor Dostoievski;Don Quixot;Cervantes;El Senyor dels Anells;J. R. R. Tolkien;El Hòbbit;J. R. R. Tolkien;Els pilars de la Terra;Ken Follett;El guardià entre el sègol;J. D. Salinger;La casa dels esperits;Isabel Allende;Anna Karènina;León Tolstói
83;Quin país és famós pel seu...?;Gastronomia / Geografia;Japó;Ramen;Rússia;Pelmeni;Turquia;Döner kebab;Itàlia;Risotto;Hongria;Goulash;Tailàndia;Tom yum;Espanya;Paella;Marroc;Tajín;Corea;Kimchi;Grècia;Souvlaki
84;Són cònsols o són emperadors de Roma?;Història;Cònsol;Cónsul;Emperador;Emperador;Juli Cèsar;Cónsul;Marc Antoni;Cónsul;Neró;Emperador;Tiberi;Emperador;Vespasià;Emperador;Dioclecià;Emperador;Marc Aureli;Emperador;Pompeu;Cónsul
85;Ordena aquests animals domesticats (1r el més antic);Ciència / Història (Ordenació);Gos;1;Porc;2;Ovella;3;Gallines;4;Estruç;5;Cavall;6;Ase;7;Búfal d'aigua;8;Camell;9;Ren;10
86;És una cançó d'ABBA?;Música;Gimme! Gimme! Gimme!;Veritat;I Have a Dream;Veritat;Waterloo;Veritat;Chiquitita;Veritat;Mamma Mia;Veritat;Fernando;Veritat;Kiss From a Rose;Fals;Man in the mirror;Fals;Wellington;Fals;Me and Bobby McGee;Fals
87;És una sèrie original de Netflix?;Televisió;Stranger Things;Veritat;Narcos;Veritat;House of Cards;Veritat;Grace and Frankie;Veritat;Breaking Bad;Fals;Orange Is the New Black;Veritat;Dexter;Fals;Mad Men;Fals;Marco Polo;Veritat;The Boys;Fals
88;Ordena aquests edificis (1r el més alt);Arquitectura (Ordenació);Burj Khalifa;1;Shanghai World Financial Center;2;One World Trade Center;3;Taipei 101;4;Shanghai Financial Center;5;Empire State Building;6;Torres Petronas;7;Torre Willis;8;Trump Intl Hotel and Tower;9;Torre Oriental;10
89;Ha rebut l'Oscar a la Millor Pel·lícula?;Cinema;Braveheart;Veritat;Annie Hall;Veritat;Troia;Fals;Gladiator;Veritat;Ben-Hur;Veritat;El Padrí II;Veritat;El Padrí;Veritat;Hamlet;Veritat;Chinatown;Fals;Lawrence d'Aràbia;Veritat
90;Quin és el nom de la protagonista femenina del videojoc...?;Videojocs;Street Fighter II;Chun-Li;Final Fantasy XIII;Lightning;Horizon Zero Dawn;Aloy;The Last of Us;Ellie;Tomb Raider;Lara Croft;Uncharted;Elena;Metroid;Samus;Super Mario Bros;Princess Peach;The Legend of Zelda;Princess Zelda;Bayonetta;Bayonetta
91;Ordena aquests aliments segons el seu valor calòric en 100g (1r el més baix);Ciència / Salut (Ordenació);Aigua;1;Tomàquet;2;Poma;3;Cogombre;4;Plàtan;5;Ou;6;Alvocat;7;Mel;8;Avellana;9;Oli;10
92;Ordena aquestes substàncies segons la seva densitat (1a la més densa);Ciència (Ordenació);Ferro;1;Mercuri;2;Plata;3;Heli;4;Aigua;5;Hidrogen;6;Or;7;Alumini;8;Fusta;9;Aire;10
93;És una de les 10 illes més grans del món?;Geografia;Grenlàndia;Veritat;Borneo;Veritat;Madagascar;Veritat;Cèlebes;Veritat;Cuba;Fals;Gran Bretanya;Veritat;Honshu;Veritat;Java;Fals;Illa Victòria;Fals;Maurici;Fals
94;A quina empresa pertany cada producte?;Economia / Empreses;Playstation;Sony;Whopper;Burger King;Snickers;Mars, Inc.;Sprite;The Coca-Cola Company;Macbook;Apple;Smart;Mercedes Benz;Game Boy;Nintendo;Lipton;Pfizer;PowerPoint;Microsoft;H&S;Procter & Gamble
95;És evitable aquesta malaltia mitjançant vacunació?;Ciència / Salut;Rubèola;Veritat;Febre groga;Veritat;Febre hemorràgica de Marburg;Fals;Tos ferina;Veritat;Malària;Fals;Febre de Lassa;Fals;Difteria;Veritat;Ràbia;Veritat;Borreliosi;Fals;VIH;Fals
96;Nombre de...;Cultura General / Ciència;Cantants en un doble septet;8;Mesos amb 31 dies;7;Parells de cromosomes en l'ésser humà;23;Bases de l'ADN;4;Aminoàcids essencials per a l'ésser humà;9;Bessons;2;Continents;6;Dies en un any de traspàs;366;Membres de les Nacions Unides (2020);193;Potes d'una formiga;6
97;És un desert?;Geografia;Karakum;Veritat;Gobi;Veritat;Atacama;Veritat;Taklamakán;Veritat;Sàhara;Veritat;Thar;Veritat;Taghit;Veritat;Uadi;Fals;Kalahari;Veritat;Vall de la Mort;Veritat
98;A quina religió correspon cada Escriptura?;Cultura General / Religió;Avesta;Zoroastrisme;Tripitaka;Budisme;Hadiz;Islam;Torà;Judaisme;Daozang;Taoisme;Vedas;Hinduisme;Nou Testament;Cristianisme;Corán;Islam;Talmud;Judaisme;Mahabharata;Hinduisme
100;És un instrument de percussió?;Música;Vibràfon;Veritat;Cabasa;Veritat;Marimba;Veritat;Tricordia;Fals;Didjeridú;Fals;Tambors metàl·lics;Veritat;Balalaica;Fals;Güiro;Veritat;Iembé;Veritat;Flautí;Fals
101;Què paraula acabada en -isme correspon a la definició?;Llengua;Negació de tota creença o realitat;Nihilisme;Oposició a la guerra o a la violència;Pacifisme;Creença en poders sobrenaturals;Ocultisme;Procurar el bé de les persones de manera desinteressada;Altruisme;Tendència a defensar la puresa;Purisme;Creença de que tots els esdeveniments estan destinats;Fatalisme;Afavorir el familiar d'algú;Nepotisme;Prima a l'individu respecte a la comunitat;Individualisme;Satisfacció sexual a través del dolor físic propi;Masoquisme;Creença en un sol déu;Monoteisme
102;Quin és el principal color de la bandera de...?;Geografia / Banderes;Nauru;Vermell;Dinamarca;Vermell;Kirguizistan;Vermell;Marroc;Vermell;Tunísia;Vermell;Letònia;Vermell;Israel;Blau;Aràbia Saudita;Verd;Somàlia;Blau;Nova Zelanda;Blau
103;País amfitrió de la Copa Mundial de Futbol de l'any...?;Esports / Història;2014;Brasil;1974;Alemanya;1978;Argentina;1982;Espanya;1986;Mèxic;1990;Itàlia;1994;Estats Units;1998;França;2006;Alemanya;2010;Sud-àfrica
104;Quin és el codi internacional per als vehicles d'aquests països?;Geografia / Transport;Suïssa;CH;Hongria;H;Alemanya;D;Finlàndia;FIN;Croàcia;HR;Canadà;CDN;Estònia;EST;Israel;IL;Àustria;A;Espanya;E
105;Aquest actor ha interpretat a Batman?;Cinema;George Clooney;Veritat;Ben Affleck;Veritat;Christian Bale;Veritat;Val Kilmer;Veritat;Michael Keaton;Veritat;Henry Cavill;Fals;Robert Pattinson;Veritat;Chris O'Donnell;Fals;Adam West;Veritat;Harrison Ford;Fals
106;En quina dècada es va estrenar... (Televisió / Cinema)?;Televisió / Cronologia;El Rei Lleó;1990;Peter Pan;1950;Fantasia;1940;Els 101 dálmates;1960;Cars;2000;Els aristogats;1970;Monstruos S.A.;2000;La Sireneta;1980;Toy Story;1990;Frozen;2010
107;Ordena les pel·lícules segons la seva recaptació (2019) (1a la més recaptada);Cinema (Ordenació);Avatar;1;Venjadors: Endgame;2;Titanic;3;Star Wars: El despertar de la força;4;Frozen 2;5;E.T., l'extraterrestre;6;Jurassic Park;7;Buscant en Nemo;8;Joker;9;Tauró;10
108;És una novel·la de Sherlock Holmes?;Literatura;La vall del terror;Veritat;El gos dels Baskerville;Veritat;El signe dels quatre;Veritat;Estudi en escarlata;Veritat;La dama de blanc;Fals;Els crims del carrer Morgue;Fals;Els 39 esglaons;Fals;L'ombra del dubte;Fals;El somni etern;Fals;Matar és fàcil;Fals
109;Ordena aquestes poblacions segons la distància de Santiago de Compostela (1a la més allunyada);Geografia (Ordenació);Roncesvalles;1;Pamplona;2;Estella;3;Logroño;4;Burgos;5;León;6;Carrión de los Condes;7;Ponferrada;9;Arzúa;10;N/A;N/A
110;És una estrella?;Ciència / Astronomia;Vega;Veritat;Pólox;Veritat;Montaña;Fals;Altair;Veritat;Canopus;Veritat;Sírius;Veritat;Betelgeuse;Veritat;Býldha;Fals;Securis;Fals;Cástor;Veritat
111;En quin segle es va inventar?;Història / Tecnologia;Impremta;XV;Màquina de vapor;XVIII;Abrelates;XIX;Avió;XX;Telescopi;XVII;Cèl·lula fotoelèctrica;XIX;Bolígraf;XX;Pinça;XIX;Bomba de buit;XVII;Frigorífic;XX
112;Quants Óscars van guanyar aquestes pel·lícules?;Cinema / Premis;Star Wars (6 èpoques de Les Galàxies);7;Forrest Gump;6;Ben-Hur;11;Allò que el vent s'endugué;10;Amadeus;8;Gladiator;5;Titanic;11;Avatar;3;E.T., l'extraterrestre;4;La La Land;6
113;Quin color (en anglès) falta en el nom de la banda?;Música;Red;Hot Chili Peppers;White;Snake;Red;Simply;Blue;Oyster Cult;Pink;Floyd;White;Stripes;Green;Day;Deep;Purple;Black;Sabbath;Maroon;5
114;És una constel·lació?;Ciència / Astronomia;Andròmeda;Veritat;Camaleó;Veritat;Crux;Veritat;Hèrcules;Veritat;Draco;Veritat;Orión;Veritat;Ossa Major;Veritat;Venus;Fals;Esfinx;Fals;Omega;Fals
115;Què significa aquest símbol?;Cultura General / Símbols;©;Drets d'autor;®;Marca registrada;@;Arroba;$;Dòlar;€;Euro;¥;Yen o Yuan;§;Signe de secció;£;Lliura esterlina;฿;Baht;¢;Cèntim
116;Ordena aquestes parts del cos humà segons la seva posició (1a la més superior);Ciència / Anatomia (Ordenació);Hipòtalam;2;Faringe;3;Cor;4;Fetge;5;Lòbul frontal;1;Intestí prim;7;Múscul sartori;9;Tendó d'Aquil·les;10;Bufeta;8;Ronyons;6
117;És una trilogia cinematogràfica (2020)?;Cinema;Retorn al futur;Veritat;Toy Story;Fals;El Senyor dels Anells;Veritat;Rambo;Fals;Com entrenar al teu drac;Veritat;La jungla de cristall;Fals;Venjança;Veritat;High School Musical;Fals;Pirates del Carib;Fals;Cars;Fals
118;A quin videojoc pertanyen aquests villans?;Videojocs;Bowser;Super Mario Bros;Dutch Van der Linde;Red Dead Redemption;Borderlands;Jack el guapo;Revolver Ocelot;Metal Gear Solid;LeChuck;Monkey Island;Bison;Street Fighter;Ganon;The Legend of Zelda;Sephirot;Final Fantasy VII;Némesis;Resident Evil;Dr. Willy;Mega Man
119;De quina marca és aquest perfum?;Consum;Invictus;Paco Rabanne;Agua Fresca;Adolfo Domínguez;N° 5;Chanel;Polo;Ralph Lauren;Good Girl;Carolina Herrera;Flower;Kenzo;Eternity;Calvin Klein;Nina;Nina Ricci;La Vie Est Belle;Lancôme;Opium;YSL
120;En quin segle va transcórrer cada guerra?;Història;Guerra dels Trenta Anys;XVII;Guerra de Successió;XVIII;Guerra de Crimea;XIX;Primera Guerra Mundial;XX;Guerra Civil Síria;XXI;Guerra de Secessió;XIX;Guerra de Corea;XX;Guerra de Vietnam;XX;Rebel·lió del Ron;XIX;Segona Croada;XII
121;Ordena aquests minerals segons la seva duresa (1r el més tou);Ciència (Ordenació);Talc;1;Guix;2;Calcita;3;Fluorita;4;Apatita;5;Ortoclasa;6;Quars;7;Topazi;8;Corindó;9;Diamant;10
122;Quantes temporades van tenir aquestes sèries?;Televisió / Cinema;Friends;10;The X-Files (Expediente X);11;Joc de Trons;8;Perdidos (Lost);6;Los Soprano;6;Chernobyl;1;Castle;8;Buffy, cazavampiros;7;Battlestar Galactica;4;Star Trek: La nova generació;7
123;És un període geològic?;Ciència / Natura;Quaternari;Veritat;Neogen;Veritat;Cretaci;Veritat;Carbonífer;Veritat;Juràsic;Veritat;Triàsic;Veritat;Silúric;Veritat;Paleogen;Veritat;Eocènic;Fals;Magmàtic;Fals
124;Quin és el símbol de cada element químic?;Ciència / Química;Mercuri;Hg;Crom;Cr;Bari;Ba;Estany;Sn;Coure;Cu;Oxigen;O;Nitrogen;N;Or;Au;Potasi;K;Einsteinium;Es
125;En quin segle van succeir aquests esdeveniments?;Història / Cronologia;Marco Polo viatja a la Xina;XIII;Calendari gregorià;XVI;Construcció del Colisseu;I;Darwin arriba a les Galápagos;XIX;Independència de Mèxic;XIX;Cai Lun inventa el paper;II;Mahoma funda l'Islam;VII;Reforma protestant;XVI;Capella de l'Expiació de la Reina Victòria;XIX;Annexió de la República de Texas;XIX
126;Són races alienígenes de còmic, cine o ciència ficció?;Cultura / Cinema;Kryptonià;Veritat;Ewok;Veritat;Cocoteco;Veritat;Angkor;Fals;Skrull;Veritat;Saiyan;Veritat;Metroid;Fals;Mohenjo-Daro;Fals;Critters;Veritat;Yautja;Veritat
127;És membre de la Unió Europea (2017)?;Geografia;Itàlia;Veritat;Finlàndia;Veritat;Luxemburg;Veritat;Letònia;Veritat;Moldàvia;Fals;França;Veritat;Àustria;Veritat;Noruega;Fals;Islàndia;Fals;Suïssa;Fals
129;Ordena aquestes begudes alcohòliques segons la seva graduació (1a la que més tingui);Gastronomia (Ordenació);Tequila;3;Vi;7;Cervesa;9;Anís;4;Mescal;2;Absenta;1;Limoncello;5;Sidra;10;Patxaran;6;Xerès;8
130;En quin país es troba aquest parc natural?;Geografia;Fiordland;Nova Zelanda;Serengeti;Tanzània;Galápagos;Equador;Sagarmatha;Nepal;Doñana;Espanya;Yellowstone;Estats Units;Canaima;Veneçuela;Iguazú;Argentina;Torres del Paine;Xile;Tikal;Guatemala
131;Són certes aquestes afirmacions sobre Marilyn Monroe?;Personalitats;El seu nom real era Norma Jean;Veritat;Va realitzar nus per a Playboy;Veritat;Va estar casada amb Michael Jackson;Fals;Va tenir una filla adoptiva que va morir a les poques setmanes;Fals;Va actuar en 30 pel·lícules;Veritat;Va néixer a Noruega;Fals;Es va casar 3 vegades;Veritat;Té una profunda relació amb Agatha Christie;Fals;Va créixer en orfenats i cases adoptives;Veritat;Va morir sola i abandonada;Fals
132;Com acaben aquests refranes?;Cultura General / Llengua;D'on no hi ha;no en raja;Voler és;poder;Al mal temps,;bona cara;A sants i minyons;no prometis si no dons;A la tercera;va la vençuda;Qui té boca;s'equivoca;Qui no arrisca;no pisca;Si vols estar ben servit;fes-te tu mateix el llit;Tal faràs;tal trobaràs;Qui de jove no treballa;de vell dorm a la palla+S100
133;Ordena aquestes obres de J.K. Rowling (1a la més antiga);Literatura (Ordenació);Harry Potter i el pres d'Azkaban;3;Harry Potter i la cambra secreta;2;Harry Potter i la pedra filosofal;1;Harry Potter i l'Orde del Fènix;5;Harry Potter i el príncep mestís;6;Harry Potter i les Relíquies de la Mort;7;Animals fantàstics i on trobar-los;8;Quidditch a través dels temps;9;Els contes de Beedle el Bard;10;Harry Potter i el llegat maleït;11
134;És una divinitat hinduista?;Mitologia / Religió;Ganesha;Veritat;Sarasvati;Veritat;Krishna;Veritat;Kali;Veritat;Shiva;Veritat;Vixnu;Veritat;Amaterasu;Fals;Loki;Fals;Anubis;Fals;Ohso;Fals
135;En quin país va morir aquest dictador?;Història;Fidel Castro;Cuba;Augusto Pinochet;Xile;Kim Jong-il;Corea del Nord;Mobutu Sese Seko;Zaire;Jorge Rafael Videla;Argentina;Saddam Hussein;Iraq;Adolf Hitler;Alemanya;Benito Mussolini;Itàlia;Francisco Franco;Espanya;Mao Zedong;Xina
136;A quina edat va morir...?;Cultura General / Biografies;Jim Morrison;27;Amy Winehouse;27;Heath Ledger;28;James Dean;24;John Lennon;40;Janis Joplin;27;Jimi Hendrix;27;Kurt Cobain;27;Marilyn Monroe;36;Diana de Gal·les;36
137;És el nombre d'un programa de estació espacial?;Tecnologia / Ciència;Voyager;Fals;Progress;Veritat;Tiangong;Veritat;Shenzhou;Fals;Mir;Veritat;Lunera;Fals;Soiuz;Veritat;Skylab;Veritat;Almaz;Veritat;Mariner;Fals
138;En quin segle va néixer?;Història / Biografies;Rodrigo Díaz de Vivar;XI;Rosa Parks;XX;Joana d'Arc;XV;Pere I de Rússia;XVII;Mare Teresa;XX;Cardenal Richelieu;XVII;Charles Dickens;XIX;Johannes Brahms;XIX;Gengis Kan;XII;Juli Cèsar;I a.C.
139;Ordena les ciutats segons la seva localització (1a la més occidental);Geografia (Ordenació);Lisboa;1;Dublín;2;Barcelona;3;Praga;4;Hèlsinki;5;Kiev;6;Viena;7;Amsterdam;8;Berlín;9;Atenes;10
140;De quin personatge és companyero...?;Cultura General / Ficció;Hipo;Desdentat;Doraemon;Nobita;Superman;Abú;Aladín;Abú;Harry Potter;Hedwig;Snoopy;Charlie Brown;Obélix;Idèfix;Patán;Pierre Nodoyuna;Mickey Mouse;Pluto;Tintín;Milú
141;Qui interpreta aquestes famoses cançons?;Música;R.E.M.;Losing My Religion;The Eagles;Hotel California;Nirvana;Smells Like Teen Spirit;Coldplay;Viva la Vida;Bruce Springsteen;Born in the U.S.A.;David Bowie;Let It Be;Adele;Rolling in the Deep;The Beatles;Let It Be;The Cranberries;Zombie;ABBA;Dancing Queen
142;Ordena aquests actors segons la seva altura (1r el més alt);Cinema (Ordenació);Gregory Peck;3;Samuel L. Jackson;4;Leonardo DiCaprio;5;Liam Neeson;2;Danny DeVito;10;Tim Robbins;1;Sylvester Stallone;8;Robert Pattinson;6;Brad Pitt;7;N/A;N/A
143;Ordena els països segons la seva superfície (1r el més petit);Geografia (Ordenació);Ciutat del Vaticà;1;Mònaco;2;Nauru;3;Tuvalu;4;San Marino;5;Liechtenstein;6;Illes Marshall;7;Saint Kitts i Nevis;8;Maldives;9;Malta;10
144;És un director de cine?;Cinema;Ethan Coen;Veritat;Wes Anderson;Veritat;Kathryn Bigelow;Veritat;David Lynch;Veritat;David Fincher;Veritat;Steven Soderbergh;Veritat;Sylvester Stallone;Fals;Sam Crawford;Fals;Frank Gifford;Fals;Roberto Clemente;Fals
145;Ordena aquestes redes socials segons el seu any d'aparició (1a la més antiga);Tecnologia (Ordenació);Instagram;1;Facebook;2;Youtube;3;MySpace;4;Spotify;5;WhatsApp;6;Twitter;7;Pinterest;8;Snapchat;9;TikTok;10
146;De quina companyia és conegut cada eslogan?;Economia / Consum;La Piara;Más bueno que el pan;Rexona;No te abandona;Heineken;Piensa en verde;Nike;Just Do It;Pringles;Cuando haces pop ya no hay stop;BMW;¿Te gusta conducir?;Apple;Think different;Oral-B;La marca más usada por los dentistas;Telepizza;El secreto está en la masa;El Almendro;Vuelve a casa por Navidad
147;Quin és el principal color de...?;Cultura General;Pikachu;Groc;Els pantalons d'Astèrix;Vermell;La samarreta de Bart Simpson;Blau;El abric de Eric Cartman;Vermell;Els pantalons de Goofy;Blau;La camisa de Popeye;Blau;El barret de Pare Barrufet;Blanc;Los Minions;Groc;Els pantalons de Patricio Estrella;Verd;Milú;Blanc
148;És una varietat de raïm?;Gastronomia;Garnatxa;Veritat;Macabeu;Veritat;Ull de Llebre;Veritat;Tinta;Veritat;Castellà;Fals;Albariño;Fals;Moller;Fals;Beauvignon;Fals;Carménère;Veritat;Quina;Veritat
149;Quin és el país d'origen d'aquestes marques de cotxes?;Transport / Geografia;Seat;Espanya;Toyota;Japó;Smart;Alemanya;Kia;Corea del Sud;Dacia;Romania;Lexus;Japó;Tesla;Estats Units;Skoda;República Checa;Alfa Romeo;Itàlia;Nissan;Japó
150;Ordena aquests esports segons la seva velocitat màxima (1r el més ràpid);Esports (Ordenació);Fórmula 1;1;Patinatge de velocitat;2;Esquí de velocitat;3;Bobsleigh;4;Ciclisme en carretera;5;Esquí nòrdic;6;Vela;7;Esprint;8;NASCAR;9;Esquí;10
151;És una modalitat de gimnàstica artística masculina?;Esports;Anelles;Veritat;Terra;Veritat;Barra fixa;Veritat;Barres paral·leles;Veritat;Cavall amb arcs;Veritat;Salt de potro;Veritat;Viga d'equilibri;Fals;Barres asimètriques;Fals;Corda;Fals;Trampolí;Fals
152;A quins miedos es corresponen aquestes fobias?;Cultura General / Psicologia;Acrofobia;Altures;Claustrofobia;Espais cerrats;Nictofobia;Obscuritat;Hemofobia;Sang;Apifobia;Abelles;Ofidiofobia;Serps;Astrapofobia;Tempestes;Gerontofobia;Envelliment;Tripnofobia;Injeccions;Aracnofobia;Aranyes
153;Són invents descoberts per accident?;Ciència / Tecnologia;Velcro;Fals;Microones;Veritat;Airbag;Veritat;Penicilina;Veritat;Viagra;Veritat;Corda;Fals;Coca-Cola;Fals;Patates Fregides;Veritat;Ordinador personal;Fals;Marcapassos;Veritat
154;Qui va protagonitzar, junt a Julia Roberts...?;Cinema;Pretty Woman;Richard Gere;Núvia a la fuga;Richard Gere;Triar un amor;Richard Gere;El mexicà;Brad Pitt;Notting Hill;Hugh Grant;El casament del meu millor amic;Dermot Mulroney;L'informe Pelicà;Denzel Washington;Erin Brockovich;Albert Finney;La guerra de Charlie Wilson;Tom Hanks;Conspiració;Mel Gibson
155;De quin país europeu va ser colònia cada un d'aquests territoris?;Geografia / Història;Catar;Gran Bretanya;Alaska;Rússia;Costa Rica;Espanya;Filipines;Espanya;Jamaica;Gran Bretanya;Costa de Marfil;França;Ceilán;Països Baixos;Hong Kong;Gran Bretanya;Angola;Portugal;Bombai;Portugal/Gran Bretanya
156;És una varietat de cervesa?;Gastronomia;Stout;Veritat;Porter;Veritat;Lager;Veritat;IPA;Veritat;Lambic;Veritat;Bitter;Veritat;Mash;Fals;Casker;Fals;Dubinett;Fals;Korn;Fals
157;Quina és la beguda alcohòlica principal del...?;Gastronomia;Bloody Mary;Vodka;Cafè irlandès;Whisky;Daiquirí;Ron;Margarita;Tequila;Mojito;Ron;Gin Tónic;Ginebra;Manhattan;Whisky;Old Fashioned;Whisky;Soiuz;Vodka;Champany;N/A
158;Ordena els països per víctimes militars durant la Segona Guerra Mundial (1r el que més);Història (Ordenació);Unió Soviètica;1;Alemanya;2;Xina;3;Japó;4;Estats Units;5;Regne Unit;6;Itàlia;7;Iugoslàvia;8;Hongria;9;Romania;10
159;Ordena aquests objectes segons el seu any de invenció (1r el més antic);Història / Tecnologia (Ordenació);El rellotge de sorra;2;El termòmetre;5;L'escafandra;6;El parallamps;7;La brúixola;3;La pólvora;1;El whisky;4;El sostenidor;8;La cinta adhesiva;9;La fotocopiadora;10
160;De qui és aquesta famosa frase?;Cultura General;Només sé que no sé res;Sócrates;Eureka!;Arquímedes;Perdona'ls perquè no saben el que fan;Jesús;L'Estat soc jo;Luis XIV de Francia;Cogito ergo sum;René Descartes;Tinc un somni;Martin Luther King;Fes l'amor, no la guerra;John Lennon;Veni, vidi, vici;Juli Cèsar;Perdonin que no m'aixequi;Groucho Marx;I, no obstant això, es mou;Galileo Galilei
162;Quin és el principal color de...?;Cultura General;Un canari;Groc;Una maragda;Verd;Un trèvol;Verd;Rayo McQueen;Vermell;Un rubí;Vermell;Els barrufets;Blau;Tinky Winky;Morat;Formatge cheddar;Taronja;Les emoticones;Groc;Hellboy;Vermell
163;En quina dècada es va estrenar... en televisió?;Televisió / Cronologia;Twin Peaks;1990;El Príncipe de Bel-Air;1990;Dallas;1970;Perdidos (Lost);2000;Las chicas Gilmore;2000;Vacaciones en el mar;1970;Homeland;2010;Luz de Luna;1980;Cuéntame cómo pasó;2000;Colombo;1960
164;Com acaben aquests refranes?;Cultura General / Llengua;No diguis blat;fins que no sigui al sac i ben lligat;Cel rogent;pluja o vent;Allà on mengen tres;mengen quatre;Qui no vulgui pols;que no vagi a l'era;Qui no té cap;ha de tenir cames;Panxa plena;no té pena;L'ase d'en Mora;de tot s'enamora;Cara pigada;cara estimada;A la taula i al llit;al primer crit;Gent jove;pa tou
165;Nombre de...;Cultura General / Ciència;Colors a l'arc de Sant Martí;7;Polzades en un peu (mesura);12;Notes musicals;7;Teletubbies;4;Viatges de Colom;4;Protons a l'hidrogen;1;Planetes del sistema solar;8;Boles de Drac;7;Estrelles en la constel·lació de l'Ossa Major;7;Estacions de l'any;4
166;Ordena aquestes ciutats per la seva latitud (1a la més al nord);Geografia (Ordenació);Sant Petersburg, Rusia;1;Edimburg, Regne Unit;2;Moscou, Rusia;3;Atenes, Grecia;4;Tòquio, Japó;5;La Meca, Arabia Saudita;6;Bogotà, Colombia;7;Nairobi, Kenia;8;Asunción, Paraguay;9;Auckland, Nova Zelanda;10
167;En quina part del cos es troba?;Ciència / Anatomia;Sistema vestibular;Oïda;Os ganchós;Canell;Cor;Pit;Columna;Tronc;Turmell;Peu;Cap;Cap;Ull;Cap;Còrnia;Ull;Martell;Oïda;Sinus etmoïdals;Cap
168;En quin país es troba aquest volcà?;Geografia;Vesuvi;Itàlia;Teide;Espanya;Hekla;Islàndia;Pinatubo;Filipines;Mont Pelée;França;Kilauea;Estats Units;Fuji;Japó;Krakatoa;Indonèsia;Katla;Islàndia;Santa Helena;Estats Units
169;Qui és el director d'aquesta pel·lícula?;Cinema;Apocalypse Now;Francis Coppola;2001: Una odisea de l'espai;Stanley Kubrick;Els set samurais;Akira Kurosawa;La jaqueta metàl·lica;Stanley Kubrick;Magnolia;Paul Thomas Anderson;El Padrí;Francis Coppola;Kill Bill;Quentin Tarantino;La guerra de les galàxies;George Lucas;Psicosi;Alfred Hitchcock;La Dolce Vita;Federico Fellini
170;És una de les 10 muntanyes més altes del món?;Geografia;Mont Elbrús;Fals;Mont Everest;Veritat;K2;Veritat;Kangchenjunga;Veritat;Lhotse;Veritat;Makalu;Veritat;Cho Oyu;Veritat;Dhaulagiri;Veritat;Annapurna;Veritat;Big Bell;Fals
171;Quin és el país d'origen d'aquestes marques de roba?;Economia / Consum;Dior;França;Zara;Espanya;Lacoste;França;Superdry;Gran Bretanya;Dolce & Gabbana;Itàlia;Adidas;Alemanya;Mizuno;Japó;Uniqlo;Japó;La Martina;Argentina;The North Face;Estats Units
172;A quin animal correspon el nom científic de...?;Ciència / Natura;Lynx Lynx;Lince comú;Vulpes Vulpes;Guineu comú;Alces Alces;Alce;Sciurus Vulgaris;Esquirol vermell;Canis Lupus;Llop;Ursus Arctos;Ós bru;Martes Martes;Marta;Gulo Gulo;Golafre;Lutra Lutra;Llutra europea;Meles Meles;Teixó comú
173;Ordena els períodes artístics (1r el més antic);Art (Ordenació);Renaixement;1;Barroco;2;Neoclassicisme;3;Romanticisme;4;Impressionisme;5;Postimpressionisme;6;Fauvisme;7;Realisme;8;Minimalisme;9;Surrealisme;10
174;De quin país és cada capital?;Geografia;Bratislava;Eslovàquia;Lima;Perú;Rabat;Marroc;Teheran;Iran;Kuala Lumpur;Malàisia;Asunción;Paraguai;Doha;Qatar;Dakar;Senegal;Varsòvia;Polònia;Islamabad;Pakistan
175;En 2024, quantes Champions o Copa Libertadores tenia...?;Esports / Futbol;Club Atlético Independiente;7 Libertadores;Liverpool F.C;6 Champions;AC Milan;7 Champions;Bayern de Múnich;6 Champions;Real Madrid;15 Champions;Peñarol;5 Libertadores;São Paulo FC;3 Libertadores;Club Olimpia;3 Libertadores;Club Atlético River Plate;4 Libertadores;FC Barcelona;5 Champions
176;En quina ciutat es troba aquest monument?;Geografia;Crist Redemptor;Rio de Janeiro;Colosseu;Roma;Santa Sofía;Estambul;Panteó;Roma;Big Ben;Londres;Sagrada Família;Barcelona;Louvre;París;Torre Eiffel;París;Edifici Flatiron;Nueva York;Temple del Lotus;Delhi
177;Quins són personatges de Star Wars i quins de Star Trek?;Cinema / Ficció;Mace Windu;Star Wars;Qui-Gon Jinn;Star Wars;Ro Laren;Star Trek;Benjamin Sisko;Star Trek;Gurn;Star Trek;Din Djarin;Star Wars;Bib Fortuna;Star Wars;Rose Tico;Star Wars;Jek Porkins;Star Wars;Greedo;Star Wars
178;És un mamífer?;Ciència / Natura;Ós bru;Veritat;Panda gegant;Veritat;Humà;Veritat;Ratpenat blau;Veritat;Equidna;Veritat;Balena blava;Veritat;Rata verda;Fals;Pingüí;Fals;Goanna;Fals;Tauró;Fals
179;És un animal del horòscop xinès?;Cultura General;Rata;Veritat;Búfal;Veritat;Tigre;Veritat;Conill;Veritat;Drac;Veritat;Serp;Veritat;Cavall;Veritat;Cabra;Veritat;Mico;Veritat;Gall;Veritat
180;Ordena aquests tenistes segons el número de setmanes com a número 1 de la ATP (2020) (1r el que més setmanes);Esports (Ordenació);Roger Federer;1;Novak Djokovic;2;Pete Sampras;3;Ivan Lendl;4;Jimmy Connors;5;Rafael Nadal;6;John McEnroe;7;Björn Borg;8;André Agassi;9;Lleyton Hewitt;10
181;És un tipus de gladiador romà?;Història;Murmillo;Veritat;Retiarius;Veritat;Secútor;Veritat;Aniquil·lus;Veritat;Provocator;Veritat;Thraex;Veritat;Samnis;Veritat;Escriptor;Fals;Vigorus;Fals;Limnoectes;Fals
182;Ordena aquestes lletres segons la seva posició en el teclat (1a més a la esquerra);Tecnologia (Ordenació);P;1;O;2;I;3;U;4;Y;5;T;6;R;7;W;8;Q;9;E;10
183;Què moviment artístic representa...?;Art;Miguel Ángel;Renaixement;Leonardo da Vinci;Renaixement;Salvador Dalí;Surrealisme;Peter Paul Rubens;Barroco;Francisco de Goya;Romanticisme;Georges Seurat;Puntillisme;Gustave Courbet;Realisme;Claude Monet;Impressionisme;Vincent Van Gogh;Postimpressionisme;Rembrandt;Barroco
184;Nombre de...;Cultura General / Ciència;Quilòmetres en una marató;42;Cantonades en un heptàgon;7;Dents de la boca;32;Oceans;5;Decimals del número $\\pi$;8;Planetes del nostre sistema solar;8;Estats que formen la Unió Europea (2020);27;Meravelles del món modern;7;Països pels quals passa el Danubi;10;Genets de l'Apocalipsi;4
185;En quina sèrie de televisió apareix aquest personatge?;Televisió;Spock;Star Trek;Phoebe Buffay;Friends;Michael Scott;The Office;Tyrion Lannister;Joc de Trons;George Costanza;Seinfeld;Penny;The Big Bang Theory;Negan;The Walking Dead;Nairobi;La Casa de Papel;Once;Stranger Things;Omar Little;The Wire
186;Ordena els animals per velocitat punta (1r el més ràpid);Ciència / Natura (Ordenació);Falcó pelegrí;1;Guepardo;2;Marlín;3;Cangur;4;Zebra;5;Peix vela;6;Tigre;7;Lleó;8;Estruç;9;Tauró;10
187;Ha pisat la Lluna?;Història / Ciència;Neil Armstrong;Veritat;Buzz Aldrin;Veritat;Pete Conrad;Veritat;James Irwin;Veritat;Al Worden;Fals;John Glenn;Fals;Alan Shepard;Veritat;Iuri Gagarin;Fals;John Young;Veritat;Edgard Mitchell;Veritat
189;En quin país es troba aquest lloc?;Geografia;Acròpolis;Grècia;Torre de Pisa;Itàlia;StoneHenge;Regne Unit;La Ciutat Prohibida;Xina;La necròpolis de Guiza;Egipte;Chichén Itzá;Mèxic;Angkor Wat;Cambodja;Taj Mahal;Índia;Uluru;Austràlia;Mezquita de Córdoba;Espanya
190;Ordena aquests invents per antiguitat (1r el més antic);Tecnologia (Ordenació);Roda;1;Radio FM;6;Telèfon;9;Focs artificials;4;Alfabet;3;Rifle;5;Motor dièsel;8;Misto;7;Calculadora de butxaca;10;Remington;N/A
191;Què mide aquesta unitat?;Ciència / Mesures;Pascal;Pressió;Kelvin;Temperatura;Newton;Força;Milla;Distància;Ohm;Resistència elèctrica;Hertz;Freqüència;Amperi;Corrent elèctrica;Lustre;Temps;Watt;Energia;Massa molecular;Mol
192;Quina és la religió més comuna en aquests països?;Geografia / Religió;Japó;Sintoisme;Brasil;Cristianisme;Índia;Hinduisme;Tailàndia;Budisme;Israel;Judaisme;Uzbekistan;Islamisme;Algèria;Islamisme;Malàisia;Islamisme;Namíbia;Cristianisme;Mèxic;Cristianisme
193;Es coneixia aquest aliment en la Edad Media en Europa?;Història / Gastronomia;Patata;Fals;Espeita;Veritat;Ceba;Veritat;Tomàquet;Fals;Col;Veritat;Nap;Veritat;Blat;Veritat;Orenga;Veritat;Gall d'indi;Fals;Cafè;Fals
194;És una de les 10 cascades més altes?;Geografia;Salt de l'Àngel;Veritat;Salt del Tugela;Veritat;Cascades Victòria;Fals;Yosemite;Veritat;Gocta;Veritat;Olo'upena;Veritat;Salt James Bruce;Veritat;Vinnufallet;Veritat;Eas a' Chual Aluinn;Veritat;Niàgara;Fals
195;Quin és el color característic de...?;Cultura General / Consum;Post-it;Groc;Starbucks;Verd;Coca-Cola;Vermell;Twitch;Morat;John Deere;Verd;Mitsubishi;Vermell;Caterpillar;Groc;UPS;Marró;Facebook;Blau;Barbie;Rosa
196;Quantes dimensions tenen aquestes figures geomètriques?;Ciència / Matemàtiques;Semirecta;1;Cub truncat;3;Quadrilàter;2;Pla;2;Corba;1;Tesseracte;4;Pentàcoro;4;El·lipse;2;Punt;0;Con;3
197;L'espanyol és idioma oficial en aquests països?;Geografia / Llengua;Guinea Equatorial;Veritat;Panamà;Veritat;Belice;Fals;Barbados;Fals;República Dominicana;Veritat;Jamaica;Fals;Portugal;Fals;Puerto Rico;Veritat;Andorra;Fals;Filipines;Fals
198;Ordena els mars i oceans segons el seu tamany (1r el més gran);Geografia (Ordenació);Oceà Pacífic;1;Oceà Atlàntic;2;Oceà Índic;3;Mar Carib;4;Mar de Tasmània;5;Oceà Àrtic;6;Mar del Corall;7;Mar de la Xina Meridional;8;Mar de Bering;9;Mar Mediterrani;10
199;Ordena les pel·lícules de James Bond segons el seu any de estrena (1a la més antiga);Cinema (Ordenació);Agent 007 contra el Dr. No;1;Des de Rússia amb amor;2;Goldfinger;3;Operació Tro;4;Només e s viu dues vegades;5;Al servei de sa Majestat;6;Diamants per a l'eternitat;7;Viu i deixa morir;8;Goldeneye;9;Skyfall;10
200;Dècada dels Jocs Olímpics de...?;Esports / Història;Rio de Janeiro;2010;Sídney;2000;Pequín;2000;Moscou;1980;Múnich;1970;Melbourne;1950;Hèlsinki;1950;Anvers;1920;Estocolmo;1910;París;1900
202;De quin tipus és cada un d'aquests Pokémon?;Videojocs;Pikachu;Elèctric;Squirtle;Aigua;Bulbasaur;Planta;Charmander;Foc;Psíquic;Psíquic;Machamp;Lluita;Sinistre;Verí;Meowth;Verí;Abra;Psíquic;Ombra;Fada
203;Són compositors coneguts per crear música cinematogràfica?;Música / Cinema;Ennio Morricone;Veritat;Nino Rota;Veritat;Maurice Jarre;Veritat;Hans Zimmer;Veritat;Alan Silvestri;Veritat;John Williams;Veritat;Elliot Carver;Fals;Jean-Michel Jarre;Fals;Georgi Koskov;Fals;Ernst Blofeld;Fals
204;A quin camp corresponen aquests premis?;Cultura General / Premis;Medalla Fields;Matemàtiques;Premis Zagal;Gastronomia;Premis Grammy;Música;Premi Cervantes;Literatura;Premis Tony;Teatre;Premi Pulitzer;Periodisme;Spiel des Jahres;Jocs de taula;Premis Emmy;Televisió;Palma d'Or;Cinema;REGIE Awards;Publicitat
